category_name,total_orders,total_items_sold,total_product_revenue,avg_item_price
"health_beauty",8647,9465,1233131.72,130.28
"watches_gifts",5495,5859,1166176.98,199.04
"bed_bath_table",9272,10953,1023434.76,93.44
"sports_leisure",7530,8431,954852.55,113.25
"computers_accessories",6530,7644,888724.61,116.26
"furniture_decor",6307,8160,711927.69,87.25
"housewares",5743,6795,615628.69,90.60
"cool_stuff",3559,3718,610204.10,164.12
"auto",3810,4140,578966.65,139.85
"toys",3804,4030,471286.48,116.94
